94,165,229
56,157,286
118,168,276
81,170,272
100,134,201
54,164,220
109,164,220
109,163,220
45,164,184
46,164,220
109,137,220
81,122,220
81,122,220
45,163,184
46,137,184
46,163,230
51,164,220
103,155,220
103,163,220
45,138,184
46,163,184
46,137,220
81,122,205
81,163,220
103,155,220
103,164,207
52,164,220
103,155,220
103,154,220
103,164,207
61,122,205
61,164,205
61,164,205
45,138,205
46,143,184
61,163,205
81,122,205
81,163,205
45,138,184
46,137,205
46,164,205
51,155,205
103,155,207
61,163,205
45,139,206
46,143,205
61,122,205
81,121,205
81,122,205
81,123,185
81,122,185
62,122,185
61,122,205
103,155,205
103,163,207
85,173,205
51,172,205
68,173,280
46,173,184
46,172,184
45,173,280
81,172,208
81,122,204
81,163,184
46,137,184
46,173,231
51,173,207
103,172,207
103,172,207
86,173,184
45,172,184
46,137,184
46,120,190
81,122,204
81,172,184
46,137,184
46,172,231
81,173,204
81,172,280
81,163,280
81,154,225
61,153,249
46,154,217
45,154,184
46,154,184
46,154,231
81,154,204
81,163,204
81,163,184
46,137,184
46,137,184
51,154,207
103,153,207
103,154,207
45,154,184
46,154,184
46,154,249
80,122,207
81,163,204
45,154,184
46,137,184
46,154,201
81,122,201
81,163,205
81,163,205
54,164,220
109,164,220
109,163,220
45,138,184
46,137,220
46,164,220
46,122,220
81,163,220
47,141,184
46,137,184
47,163,220
52,154,282
103,179,281
54,163,220
47,139,184
116,138,279
116,137,220
82,164,204
47,163,220
103,129,284
102,129,205
101,165,203
52,155,182
52,155,259
51,179,282
102,179,205
102,164,206
81,164,242
45,163,205
46,166,218
48,163,218
45,165,283
82,122,205
82,164,184
46,164,220
82,164,247
82,163,283
82,163,263
82,163,241
45,163,242
81,163,205
81,163,217
82,163,242
82,162,205
62,123,280
62,162,244
82,162,243
82,160,205
103,161,184
80,164,184
83,163,183
82,164,242
54,163,269
54,159,269
55,172,254
46,161,267
44,172,252
81,179,258
45,163,184
46,137,227
46,173,251
52,129,207
103,172,254
50,173,249
45,162,224
46,172,229
44,156,297
81,164,243
81,172,184
47,136,259
46,134,186
47,135,186
61,135,264
81,138,265
69,136,205
69,137,249
69,138,254
61,166,249
62,123,184
61,125,184
62,123,185
62,123,184
61,125,184
61,123,184
61,125,185
61,123,184
62,123,259
61,123,209
61,122,207
61,122,184
46,122,237
61,121,184
61,121,183
81,122,184
48,122,284
60,122,257
61,123,257
62,122,257
61,122,285
81,120,184
61,121,184
62,122,265
110,164,218
61,136,184
55,179,198
109,135,220
55,165,273
81,163,268
81,163,220
74,147,270
55,143,263
55,167,261
77,158,282
50,127,220
50,126,277
47,141,184
68,136,272
55,136,272
81,164,220
52,129,235
50,179,201
101,158,204
103,164,204
54,160,206
102,158,258
102,155,232
102,164,232
52,164,233
82,163,249
82,166,245
46,163,247
54,165,248
82,162,205
51,164,249
77,164,280
82,164,205
82,163,205
82,163,205
103,163,241
46,163,242
81,163,184
44,163,284
81,163,257
81,162,205
81,161,184
81,122,185
82,162,201
81,160,205
103,161,255
103,164,201
52,163,227
52,164,276
104,172,276
50,138,276
103,174,207
75,134,273
54,135,276
81,172,213
45,134,273
71,138,281
46,172,184
46,174,281
54,172,257
50,179,253
50,172,254
45,172,184
45,173,253
44,135,269
81,167,249
53,172,267
68,137,208
46,135,185
45,135,205
62,138,269
62,136,269
62,138,268
69,138,249
61,121,254
62,165,248
54,125,247
70,125,185
62,124,185
62,125,184
61,121,185
61,125,267
61,123,267
62,121,183
61,123,264
61,122,265
61,121,182
45,122,184
61,121,183
61,121,183
81,122,184
45,122,184
44,121,265
61,123,268
61,122,268
79,121,183
81,121,283
61,121,183
54,122,209
110,122,218
108,161,265
103,129,263
102,128,281
54,128,276
81,164,220
109,137,220
69,161,184
48,135,251
46,138,220
53,130,265
50,125,220
49,164,207
71,137,258
91,160,275
91,160,273
81,163,242
74,158,250
102,129,279
101,128,204
53,129,204
51,129,207
51,128,257
51,129,205
51,128,206
51,162,255
52,163,233
51,166,254
82,163,255
81,165,247
81,165,205
47,164,251
48,164,243
82,164,205
82,163,283
109,163,283
81,163,284
81,163,242
46,163,205
46,163,184
85,149,254
81,162,205
58,161,254
59,122,268
82,162,243
82,164,205
52,130,234
103,128,260
51,127,207
101,124,276
68,137,276
46,138,260
50,174,253
50,134,205
50,136,276
81,172,265
45,172,272
70,138,280
70,138,280
70,174,231
54,172,258
103,179,257
103,138,261
50,172,256
46,161,254
70,165,245
81,157,242
70,134,257
46,135,257
46,135,274
62,138,268
62,136,274
61,136,273
62,123,268
62,122,267
103,121,247
45,124,245
48,125,193
45,123,192
46,122,217
81,123,246
81,124,217
70,121,285
46,123,285
46,123,244
52,122,184
103,122,258
51,121,246
48,122,191
70,121,257
69,121,257
81,121,242
53,122,184
91,122,244
118,120,242
81,120,244
81,123,256
59,122,259
60,141,283
61,123,242
109,123,218
109,122,184
46,137,252
46,123,220
55,164,219
55,122,265
81,163,267
68,135,273
46,135,273
55,165,218
54,155,257
103,154,255
50,164,255
45,172,184
46,159,273
45,163,220
81,164,242
54,138,260
103,147,267
101,158,203
103,147,203
54,161,206
102,155,205
77,154,257
77,129,206
52,162,260
50,163,249
45,166,192
82,163,219
81,165,219
83,166,205
44,164,211
83,137,184
82,165,184
82,163,241
82,163,193
103,165,200
82,163,242
45,163,249
45,163,248
81,163,249
81,162,205
82,161,205
97,135,269
82,158,266
82,160,243
103,161,181
103,155,258
77,163,283
50,128,277
50,163,242
103,138,203
103,174,205
103,135,223
53,135,219
81,172,264
45,173,251
69,137,275
46,173,281
57,174,234
103,172,259
103,154,207
52,172,259
49,172,184
45,137,273
44,172,273
81,163,257
90,135,184
68,137,254
68,135,242
81,135,204
44,138,245
61,136,265
61,163,263
62,124,267
62,124,266
103,122,267
62,125,184
46,123,185
62,124,185
81,125,184
45,124,216
61,125,185
61,123,183
62,123,183
61,123,245
50,122,250
61,122,250
45,122,184
61,121,189
61,121,183
81,122,185
54,122,243
46,161,183
61,123,183
45,122,256
81,121,184
61,122,286
61,124,265
61,122,219
109,163,218
110,136,230
46,137,232
109,137,229
53,136,229
81,165,232
81,163,220
46,163,273
70,137,273
55,158,219
103,158,262
103,153,254
109,164,255
47,138,184
46,137,254
55,143,220
81,122,220
51,158,264
103,176,264
101,158,204
103,164,204
54,133,207
52,131,205
51,129,205
52,122,206
102,162,205
46,163,259
53,166,259
48,163,247
49,165,246
82,166,205
61,164,249
70,165,278
82,164,281
82,163,206
82,163,293
61,163,267
82,163,242
46,163,205
46,163,257
81,163,242
81,162,205
61,161,185
62,162,185
61,162,267
82,164,205
103,161,267
51,127,279
51,163,207
51,138,276
51,137,207
51,138,257
52,137,259
52,172,249
52,136,205
81,165,183
81,138,184
46,141,276
46,172,242
52,171,205
104,172,285
102,127,280
103,120,280
47,166,213
45,160,229
44,156,251
81,173,243
45,134,183
45,135,185
46,135,274
46,138,272
62,136,274
61,136,267
62,137,249
62,122,248
62,121,244
62,124,245
48,125,272
45,123,247
119,122,245
45,123,246
81,124,249
74,121,245
74,123,272
74,123,243
108,122,243
79,122,291
105,121,249
45,122,184
46,121,192
119,121,191
81,121,242
54,122,257
45,122,293
47,120,242
61,120,244
81,123,282
80,122,280
80,122,242
54,122,241
62,135,262
45,136,242
55,136,203
46,163,204
54,136,204
82,163,268
82,163,204
45,165,264
46,136,204
54,136,204
103,136,204
54,136,204
55,164,204
54,136,204
54,136,204
46,136,204
81,136,204
109,163,204
109,164,204
82,136,204
85,136,204
103,165,204
59,136,204
55,163,207
61,136,205
62,136,204
61,136,204
62,136,204
61,123,204
61,123,204
62,123,205
61,136,204
46,136,204
61,136,250
61,164,265
61,163,243
61,136,265
62,136,242
61,136,184
61,143,267
61,162,268
81,144,269
61,136,204
61,123,185
103,123,204
81,136,205
62,136,204
61,136,204
81,136,204
47,130,276
61,153,283
103,121,205
103,154,256
103,154,256
69,154,256
47,154,266
62,154,205
62,154,226
69,154,226
103,138,185
103,154,185
103,124,288
103,123,286
69,137,184
69,123,185
103,154,221
81,164,243
53,133,242
46,154,205
103,154,243
103,154,205
85,172,257
80,146,273
61,120,272
76,128,180
77,129,243
77,129,183
45,155,184
61,155,243
61,155,244
81,129,244
61,129,244
82,129,244
44,129,244
62,129,184
61,129,242
61,129,207
61,129,207
61,129,184
45,129,252
46,129,269
81,164,251
53,165,244
46,130,207
82,130,207
82,163,207
81,122,248
81,165,249
81,163,247
109,137,268
109,136,223
55,135,224
55,136,184
54,163,204
82,163,204
54,165,273
81,164,264
80,136,183
55,136,204
55,136,204
103,136,204
85,149,204
106,162,204
81,162,264
46,165,204
102,164,204
81,163,191
54,165,204
103,136,204
82,136,204
83,136,204
62,136,204
103,163,204
61,143,204
61,163,204
61,136,204
61,136,204
63,136,205
61,143,265
80,142,204
81,123,205
61,163,204
61,163,204
61,136,204
63,163,204
62,163,205
61,163,204
62,136,204
61,136,205
62,136,204
61,136,204
81,123,205
61,123,185
62,123,185
82,123,204
81,143,205
103,163,204
61,136,207
61,136,207
45,172,204
102,170,202
103,172,205
45,154,184
103,154,205
103,171,256
84,166,184
102,163,183
81,171,264
103,171,184
103,171,184
103,171,207
63,171,274
61,171,264
69,171,263
69,171,227
69,171,268
81,171,205
54,171,205
55,171,256
55,171,206
55,171,205
81,171,210
86,171,268
103,171,267
50,164,183
92,153,229
46,153,184
83,164,266
82,165,266
82,163,265
61,163,184
62,153,184
61,153,184
61,153,229
62,153,183
61,153,229
82,153,268
62,153,207
61,153,184
46,153,184
61,153,184
81,153,248
81,153,180
52,153,276
61,153,276
82,153,184
81,153,184
81,153,184
92,138,184
61,164,205
109,136,218
110,165,217
103,155,220
102,127,220
55,165,219
81,160,220
81,164,220
74,120,261
46,120,261
55,121,222
82,136,273
76,128,220
76,128,219
45,138,184
46,167,189
44,177,245
81,122,220
54,124,276
102,128,281
101,128,203
103,129,204
78,130,207
77,156,205
51,155,258
50,164,205
50,162,249
82,163,206
46,166,205
81,163,247
81,164,247
81,164,205
83,165,184
46,163,192
82,162,192
82,163,205
51,163,282
77,165,284
82,163,242
81,163,184
69,163,205
81,163,205
81,162,205
82,163,205
81,122,185
62,124,249
62,124,205
52,129,184
52,129,260
78,163,259
78,138,276
69,137,207
103,138,199
99,172,295
76,129,282
47,134,205
81,163,246
81,172,205
48,141,236
46,138,184
46,172,206
54,130,262
77,129,282
50,128,280
47,172,210
47,173,209
46,138,255
81,157,232
53,133,242
46,136,231
46,135,230
68,135,205
81,138,180
61,135,182
61,135,183
69,123,245
69,123,248
62,122,249
62,124,184
61,125,185
62,124,185
61,125,184
62,124,184
61,123,184
46,123,183
61,121,183
57,134,245
77,128,284
61,122,277
45,122,184
61,121,249
60,121,183
81,122,184
53,122,249
61,121,182
61,121,292
62,122,183
61,122,259
60,121,259
61,121,264
61,122,266
109,122,218
110,164,243
52,163,235
50,137,220
55,165,218
54,163,231
81,164,246
94,139,184
46,138,254
55,138,254
103,157,183
103,154,184
52,164,182
47,164,220
45,137,251
44,143,220
44,168,247
81,149,273
103,155,205
101,157,204
103,160,204
52,130,260
102,129,259
52,130,260
52,151,205
52,163,234
84,163,233
45,166,205
46,163,247
84,166,247
73,162,205
81,165,247
81,163,274
46,164,257
82,163,246
82,163,205
83,165,200
82,163,200
45,163,184
46,163,184
46,163,184
81,162,184
81,161,205
62,163,185
61,122,185
82,160,205
54,130,260
103,128,280
50,126,253
51,138,276
52,137,258
103,138,259
103,179,180
46,135,276
54,134,276
44,123,252
81,124,251
45,158,272
46,158,272
45,163,273
51,179,205
103,176,279
50,178,207
45,174,184
46,147,249
45,173,272
81,173,242
44,174,184
45,135,253
45,135,251
63,138,272
62,139,274
62,136,268
62,137,268
61,122,250
62,121,186
62,124,251
62,125,248
46,122,249
46,122,245
44,123,246
62,124,249
73,164,245
69,123,252
69,123,243
51,122,243
103,122,279
50,122,243
45,122,249
45,121,245
46,122,243
118,121,242
81,122,184
48,122,192
46,124,242
61,121,244
79,123,242
79,122,184
81,124,242
81,123,244
54,123,244
109,122,268
76,179,255
109,123,255
109,165,220
81,124,287
81,123,220
47,158,249
45,158,251
46,138,273
52,155,233
51,179,257
103,179,256
45,138,186
46,137,251
45,137,272
81,163,268
81,163,220
102,179,182
51,178,180
103,177,203
52,128,207
76,128,205
76,153,205
102,179,255
51,163,232
52,163,230
73,166,228
51,163,254
50,164,253
51,162,205
50,165,251
50,128,257
45,163,236
82,163,255
52,163,205
49,162,245
81,163,242
45,164,205
46,163,258
81,162,243
81,163,206
82,161,185
82,162,210
82,162,209
82,160,205
52,162,259
76,163,207
75,163,207
49,163,204
51,163,257
52,172,257
54,172,249
46,173,249
82,173,280
81,124,249
48,165,258
69,161,252
46,162,255
50,172,207
52,172,233
52,178,281
50,172,233
44,173,183
46,137,251
46,172,271
81,172,269
45,138,265
46,136,276
45,135,183
63,135,205
62,123,267
61,144,266
61,164,266
62,135,248
61,121,205
62,122,284
62,166,247
61,124,184
62,124,185
62,164,184
62,124,247
61,159,184
61,124,183
61,121,183
52,123,184
61,122,248
61,122,207
45,122,184
61,121,265
61,121,183
81,122,184
60,122,192
61,121,191
61,123,280
62,122,272
81,121,183
81,143,285
61,163,185
61,122,220
62,122,262
61,179,255
46,137,255
49,122,220
45,123,222
81,122,242
45,163,220
46,164,236
46,164,183
82,137,221
103,150,250
75,150,220
50,151,219
47,138,254
45,137,250
44,143,239
81,164,220
51,155,220
54,130,258
101,152,204
103,164,204
52,129,207
51,128,256
52,155,205
52,156,233
52,163,234
46,163,184
52,155,259
46,163,247
83,164,205
81,162,269
48,165,265
46,121,205
82,162,205
79,163,264
82,163,249
74,165,249
82,163,242
61,162,205
81,163,281
81,163,184
81,162,205
88,120,294
91,121,242
82,162,180
82,156,243
103,162,248
103,163,250
51,163,230
51,162,180
51,163,243
54,156,266
47,172,256
47,164,257
70,173,257
63,163,183
81,172,183
46,137,232
47,173,231
51,173,258
103,172,287
103,172,232
51,172,260
69,138,184
68,138,184
44,173,234
44,122,239
69,159,273
68,135,276
68,135,273
81,136,273
82,138,269
82,144,274
81,136,267
61,137,265
62,121,245
45,124,244
54,125,248
45,121,247
45,122,245
81,123,244
46,124,249
46,124,260
46,123,260
51,123,243
103,122,232
103,122,249
50,121,245
70,122,244
46,121,191
62,122,191
81,120,242
45,122,245
88,122,243
88,122,242
61,120,244
81,144,268
81,122,272
81,124,248
54,124,198
109,123,267
109,136,264
46,135,263
46,136,190
82,136,242
64,136,268
82,136,264
82,164,184
46,163,204
46,136,204
103,136,204
54,136,204
54,136,204
45,164,204
46,136,220
109,136,204
81,136,204
109,165,204
103,155,204
82,136,204
51,136,204
103,136,204
81,136,204
55,163,205
61,163,204
62,136,204
61,136,204
61,136,205
62,123,204
61,163,204
62,163,204
61,136,204
61,136,204
61,136,188
61,136,268
103,163,243
103,136,245
62,136,242
61,136,184
61,143,268
61,142,265
62,123,204
82,136,184
62,123,185
61,123,204
82,163,204
61,136,204
103,136,204
103,136,204
45,137,276
61,153,255
103,121,205
103,154,184
46,154,256
103,154,256
45,154,207
81,154,205
62,154,184
69,154,207
69,154,185
103,154,185
85,125,185
103,121,286
69,124,184
46,120,205
103,137,221
81,137,185
53,179,180
46,165,184
103,154,242
103,154,206
90,172,250
86,144,273
61,120,263
76,129,180
61,129,243
77,129,180
45,155,184
46,155,286
61,155,244
81,129,244
61,129,244
45,129,244
46,129,244
62,129,249
61,129,242
61,129,242
61,129,244
61,129,184
46,129,207
44,129,269
81,129,207
54,130,184
62,130,253
82,130,207
81,163,207
81,122,248
81,165,249
53,163,248
54,136,251
109,135,267
55,136,223
45,163,190
46,163,218
82,163,204
81,163,220
82,164,267
81,136,184
55,136,204
55,136,204
103,136,204
103,136,220
82,144,204
45,163,264
109,163,204
62,164,204
81,164,204
53,136,204
103,136,204
55,136,204
82,163,204
54,163,204
61,163,204
61,143,269
61,136,204
62,136,204
62,136,204
61,136,184
82,143,259
62,144,265
61,122,205
62,122,204
61,163,204
67,122,205
61,122,204
48,125,205
48,123,204
61,136,204
61,138,205
62,136,204
61,136,204
81,122,205
61,136,204
82,122,185
82,123,204
46,164,205
61,163,204
61,136,204
82,136,207
55,153,192
61,153,204
103,171,263
103,154,207
46,154,205
103,171,256
83,171,205
81,167,184
103,171,205
103,171,205
103,171,206
103,171,207
103,171,206
62,171,265
61,171,263
69,171,227
69,171,227
81,171,206
53,171,184
55,171,256
103,171,274
81,171,205
81,171,251
81,171,205
103,171,205
44,154,183
45,153,229
82,153,229
45,153,184
83,165,244
61,153,266
61,153,266
62,153,183
61,153,184
61,122,229
61,153,184
62,153,229
61,153,229
62,153,207
61,153,184
46,153,249
46,153,184
80,153,184
53,137,184
46,153,276
61,153,180
80,153,275
81,153,184
81,153,184
81,138,184
54,136,217
109,135,217
109,136,204
109,163,203
54,136,190
82,136,190
53,136,203
55,136,218
55,123,204
54,137,204
55,136,204
55,136,204
54,136,204
109,136,204
54,136,204
55,163,204
54,136,204
109,136,204
55,136,204
109,179,204
55,136,204
82,136,204
54,136,204
53,136,204
55,158,204
61,136,204
62,136,204
61,136,204
62,136,204
62,123,204
61,163,204
62,136,204
62,136,204
61,136,204
61,136,204
61,149,204
60,136,204
61,136,204
62,136,184
61,136,204
62,163,204
61,136,204
62,136,204
61,136,204
61,136,182
60,123,204
57,123,204
53,179,204
61,136,204
61,136,204
62,153,255
86,153,256
102,154,256
86,154,256
103,154,256
52,154,256
69,154,256
69,154,205
103,154,205
69,154,207
69,154,267
103,138,185
103,154,180
103,154,185
69,154,185
69,154,185
69,137,185
86,137,185
55,154,205
57,179,205
103,154,206
103,154,206
86,154,205
53,137,205
103,158,180
61,128,248
77,129,243
77,129,181
61,155,243
51,155,244
82,155,244
62,155,244
61,129,244
62,129,244
61,129,244
61,129,244
61,129,244
61,129,244
61,129,244
61,129,244
61,129,207
61,129,248
61,129,244
54,122,207
53,179,207
82,164,207
57,129,207
53,179,248
57,165,249
57,165,248
54,164,248
55,135,189
55,136,248
109,136,190
109,163,204
82,163,204
53,163,217
82,136,204
55,136,204
53,136,204
55,136,204
55,136,204
54,136,204
54,136,204
82,163,204
82,164,204
54,164,204
55,165,204
55,136,204
109,136,204
109,136,204
82,136,204
54,164,204
53,136,204
55,158,204
61,136,204
62,163,204
61,136,204
62,136,204
62,123,204
61,164,204
62,150,204
62,122,204
61,163,204
62,163,184
61,149,204
82,149,204
61,163,204
62,136,204
61,136,204
61,136,204
61,136,204
61,136,204
61,136,204
61,179,204
82,123,204
61,164,204
61,179,183
61,136,204
82,136,204
62,153,204
102,170,204
102,171,205
86,154,256
103,154,207
103,171,205
69,171,206
103,171,205
103,171,205
69,171,205
103,171,267
103,171,241
103,171,180
69,171,206
69,171,205
69,171,206
69,171,267
86,171,206
103,171,206
53,171,183
103,171,205
103,171,206
52,171,205
53,171,206
53,171,207
51,171,184
92,153,229
82,153,229
61,153,183
53,153,184
82,153,204
62,153,184
82,153,184
61,153,229
61,153,229
61,164,184
61,153,229
61,153,229
61,153,205
61,153,184
61,163,191
61,153,191
62,153,192
53,153,191
53,179,251
82,153,184
61,153,184
53,153,184
57,153,184
69,165,184
54,137,198
62,135,267
55,165,267
109,135,264
55,136,190
82,136,217
53,136,249
82,136,264
82,164,269
53,163,204
53,136,204
55,164,204
82,136,204
109,163,204
82,149,204
82,163,204
54,136,204
55,136,204
82,165,204
109,179,204
55,136,204
82,136,204
54,136,204
81,165,204
58,158,204
82,163,204
62,136,204
61,136,204
61,136,204
62,123,204
61,163,204
62,136,204
62,136,204
62,136,204
62,136,204
61,149,250
82,136,243
61,136,245
61,136,242
61,136,204
61,144,268
61,142,265
82,136,204
82,136,204
82,136,272
103,123,204
57,149,204
61,179,204
61,136,204
61,136,204
67,155,202
81,153,204
61,121,256
61,154,256
103,154,256
103,154,256
53,154,268
69,154,205
62,154,225
69,138,205
69,154,205
69,138,185
103,138,185
103,121,288
69,124,185
69,137,185
69,137,221
103,137,185
52,138,205
53,137,236
103,154,207
103,154,206
91,172,250
85,146,273
61,124,272
51,128,273
77,129,243
77,129,181
61,155,244
61,155,286
61,155,244
61,129,244
82,129,244
61,129,244
45,129,244
61,129,249
61,129,242
61,129,241
61,129,244
61,129,244
61,129,244
61,129,269
61,129,207
55,129,207
53,179,207
82,122,207
61,165,207
53,179,249
57,149,249
61,165,248
54,162,248
62,135,281
55,136,205
109,136,190
55,165,204
82,163,204
53,163,204
82,163,264
55,163,183
54,136,182
55,136,204
55,136,204
54,136,204
85,163,204
54,163,264
61,163,204
54,165,204
55,165,204
82,165,204
109,136,204
101,136,204
82,136,203
54,163,206
61,163,204
61,141,204
61,163,205
62,136,204
61,136,204
82,136,204
62,143,259
61,144,265
82,165,204
62,165,204
61,165,204
67,122,184
47,164,259
48,163,204
48,162,204
61,163,204
61,136,204
61,163,204
61,162,204
62,163,204
62,161,204
53,162,183
82,123,204
82,162,204
61,163,204
62,162,204
61,163,244
44,163,192
59,153,204
102,171,264
61,154,204
103,154,256
102,171,206
53,171,207
103,149,184
103,167,183
103,171,269
69,171,267
103,171,206
62,171,204
62,171,265
61,171,263
69,171,264
69,171,227
86,171,205
103,171,205
53,171,256
103,135,269
103,171,272
52,138,274
53,171,274
69,171,275
44,136,273
44,121,248
82,122,229
82,125,248
83,165,249
61,165,246
61,123,266
61,123,184
82,123,246
61,123,229
102,123,184
61,122,244
82,122,244
61,121,245
61,122,244
61,122,184
61,153,243
61,153,243
62,122,242
53,122,243
61,122,242
61,153,245
53,123,184
61,153,184
61,124,184
55,125,245
54,123,243
109,121,247
54,164,180
54,123,218
55,164,273
54,121,180
54,123,276
53,123,180
55,164,207
55,159,180
52,149,268
55,154,268
53,150,275
55,149,180
52,159,180
55,154,217
55,159,268
56,159,268
54,158,268
56,149,180
54,159,180
52,159,207
55,158,207
54,154,180
55,154,268
55,149,268
52,149,207
55,158,207
53,158,268
55,154,268
55,154,242
46,156,207
53,156,268
54,179,284
61,149,256
52,149,289
52,154,182
